{"OkHjjgvnQCTmsYidK8cDMg==":"whatsapp%20image%202023-12-05%20at%201.43.23%20pm-100x37.jpg","W4dHSfNIDHn/lLBDcQVtRQ==":"icash-logo-website-100x27.png","dzL3C6W9FGIXw0bmmzs7wQ==":"x_ic-01-hor-def-100x27.png","ytcfcQDgurPki4HXVfPEtg==":"x_ic-01-icon-clr-100x100.png","1sBl0WWD7dhnOlnCmN9GXg==":"ic-01-hor-def-211x57.png","nvunTEmpr+Sbcri+x8U5fQ==":"ic-01-icon-clr-110x110.png","iQbHsslQlw5fACwIdcnO9A==":"403603311_1077517576877449_236586172274544035_n-700x1514.jpg","K5uBdsVfijmHQTwgigJkRQ==":"400686189_2002315256800034_7037797799694516492_n-700x1514.jpg","b1HWBaQ2FEWlENAIf6gyow==":"icash-logo-mobile.svg","Sr79feN+iwbjGu14BGggWQ==":"ski.svg","WKk1XhV7A9+JxZWwjayC9A==":"ship.svg","krRZ/dpv8UoK4lmLMx0+bQ==":"map_point.svg","uL67SIwbyajgkrpVhUUYrw==":"bag_coin.svg","IvY0jJoZgxbIoZgHJlYnAw==":"bus.svg","2xbWWsE9a45cVYQ+p8uavw==":"background.jpg","+K0dPJlIZ/z3uZpv1fTVQg==":"mbr-1920x1272.jpg","oRykAiO0rUD++7AmPeEwUg==":"background1.jpg","vqwPE87dkOG8J7kN77PkOA==":"dashboard-600x1233.png","NDpCqRekoqn6+v5NkLUraA==":"dashboard-1-600x1233.png","p8OZmOCCs0boHWyWgqZ6hw==":"dashboard-803x1689.png","zry70BxgWS5CqIR6XXmRmg==":"dashboard-1-803x1689.png","iqqCbhkLAn74cPrfXU6IZA==":"dashboard-2-803x1689.png","8O31QN+549vNQM9R3s5p6w==":"features2.png","5TFp8+9Mf/tzKctlzKveXg==":"x_ic-01-hor-alt-210x57.png","PH5no3kVTIY0hHFWql6W3A==":"background1-6.jpg","RCtpSWOYagmiE9IlbJ6PDg==":"2.jpg","q4rN9SJ9jLDpjJGMwYNgjg==":"video2.jpg","+KdvkWNm/XRPxaHMV95XjQ==":"background2.jpg","D72GotCzgdPy2RWg2noleQ==":"screenshot%202023-12-06%20185912-549x620.png","Jn5mBgSCCm3WUxBSr9LEEw==":"image4.jpg","1W873d1uFf9Y2p8ekbNMVg==":"background1-1.jpg","1H2tbW0vKPCys065WwhDaQ==":"dashboard-3-803x1689.png","hz5C+UwrAnrOsJRHY5RllQ==":"x_ic-01-icon-clr-110x110.png","MAkWADacuWsoB8N3gm0hlQ==":"icash-logo%20blue-1256x1256.png","t8mEXLmyxld6wePqaqqSgw==":"icash-logo%20blue-1130x1130.png","xCbw/txjNbvv14IeWZe5vA==":"quadr.svg","eXNEF84vdj/iflCey0M44A==":"trend14.jpg","XaFMtmdXLWldJwpr7gAdYg==":"backgraund__trend.jpg","3bQSQiYkVurMpHtYzbmPkw==":"mbr-1256x837.jpg","o8LuaAtCXmby+NivzmARsA==":"icash%20%20company%20profile-1696x954.png","suGohQizgW2PdQDZ3HOpUQ==":"icash%20%20company%20profile-1696x954.png","3aG6zydu8kIHF5kKW53y4g==":"icash%20%20company%20profile-1696x954.png","nuzTnMkCDQ0osUJy504pnQ==":"triangle_blue_transp.svg","kZqmUxZkbusGNa59WZR/XA==":"triangle_purpl_transp.svg"}